Quarter,الربع السنوي,Description,HeaderField_Id,Title,HeaderField_Id2,العنوان,Quarter_Number,Type,الوصف,Year,Value,Item_id,النوع
"First Quarter","الربع الأول","Value","22487","Sales","23248","المبايعات","1","Units","قيمة","2016","7392134181","362882","وحده"
"First Quarter","الربع الأول","Number","22488","Sales","23248","المبايعات","1","Units","عدد","2016","5664","362882","وحده"
"First Quarter","الربع الأول","Value","22489","Sales","23249","المبايعات","1","Building","قيمة","2016","985564051","362882","مبنى"
"First Quarter","الربع الأول","Number","22490","Sales","23249","المبايعات","1","Building","عدد","2016","363","362882","مبنى"
"First Quarter","الربع الأول","Value","22491","Sales","23250","المبايعات","1","Land","قيمة","2016","13001259723","362882","أرض"
"First Quarter","الربع الأول","Number","22492","Sales","23250","المبايعات","1","Land","عدد","2016","2344","362882","أرض"
"First Quarter","الربع الأول","Value","22487","Mortgages","23248","الرهون","1","Units","قيمة","2016","2676484262","362883","وحده"
"First Quarter","الربع الأول","Number","22488","Mortgages","23248","الرهون","1","Units","عدد","2016","2094","362883","وحده"
"First Quarter","الربع الأول","Value","22489","Mortgages","23249","الرهون","1","Building","قيمة","2016","590510825","362883","مبنى"
"First Quarter","الربع الأول","Number","22490","Mortgages","23249","الرهون","1","Building","عدد","2016","256","362883","مبنى"
"First Quarter","الربع الأول","Value","22491","Mortgages","23250","الرهون","1","Land","قيمة","2016","23016071836","362883","أرض"
"First Quarter","الربع الأول","Number","22492","Mortgages","23250","الرهون","1","Land","عدد","2016","1192","362883","أرض"
"First Quarter","الربع الأول","Value","22487","Other","23248","أخرى","1","Units","قيمة","2016","748305986","362884","وحده"
"First Quarter","الربع الأول","Number","22488","Other","23248","أخرى","1","Units","عدد","2016","750","362884","وحده"
"First Quarter","الربع الأول","Value","22489","Other","23249","أخرى","1","Building","قيمة","2016","82481178","362884","مبنى"
"First Quarter","الربع الأول","Number","22490","Other","23249","أخرى","1","Building","عدد","2016","27","362884","مبنى"
"First Quarter","الربع الأول","Value","22491","Other","23250","أخرى","1","Land","قيمة","2016","7483181788","362884","أرض"
"First Quarter","الربع الأول","Number","22492","Other","23250","أخرى","1","Land","عدد","2016","199","362884","أرض"
"Second Quarter","الربع الثاني","Value","22487","Sales","23248","المبايعات","2","Units","قيمة","2016","11520116943","362882","وحده"
"Second Quarter","الربع الثاني","Number","22488","Sales","23248","المبايعات","2","Units","عدد","2016","8720","362882","وحده"
"Second Quarter","الربع الثاني","Value","22489","Sales","23249","المبايعات","2","Building","قيمة","2016","1951471941","362882","مبنى"
"Second Quarter","الربع الثاني","Number","22490","Sales","23249","المبايعات","2","Building","عدد","2016","787","362882","مبنى"
"Second Quarter","الربع الثاني","Value","22491","Sales","23250","المبايعات","2","Land","قيمة","2016","14767977606","362882","أرض"
"Second Quarter","الربع الثاني","Number","22492","Sales","23250","المبايعات","2","Land","عدد","2016","2464","362882","أرض"
"Second Quarter","الربع الثاني","Value","22487","Mortgages","23248","الرهون","2","Units","قيمة","2016","2810571697","362883","وحده"
"Second Quarter","الربع الثاني","Number","22488","Mortgages","23248","الرهون","2","Units","عدد","2016","1969","362883","وحده"
"Second Quarter","الربع الثاني","Value","22489","Mortgages","23249","الرهون","2","Building","قيمة","2016","955886544","362883","مبنى"
"Second Quarter","الربع الثاني","Number","22490","Mortgages","23249","الرهون","2","Building","عدد","2016","325","362883","مبنى"
"Second Quarter","الربع الثاني","Value","22491","Mortgages","23250","الرهون","2","Land","قيمة","2016","31161079729","362883","أرض"
"Second Quarter","الربع الثاني","Number","22492","Mortgages","23250","الرهون","2","Land","عدد","2016","1414","362883","أرض"
"Second Quarter","الربع الثاني","Value","22487","Other","23248","أخرى","2","Units","قيمة","2016","1124982839","362884","وحده"
"Second Quarter","الربع الثاني","Number","22488","Other","23248","أخرى","2","Units","عدد","2016","1042","362884","وحده"
"Second Quarter","الربع الثاني","Value","22489","Other","23249","أخرى","2","Building","قيمة","2016","86285354","362884","مبنى"
"Second Quarter","الربع الثاني","Number","22490","Other","23249","أخرى","2","Building","عدد","2016","35","362884","مبنى"
"Second Quarter","الربع الثاني","Value","22491","Other","23250","أخرى","2","Land","قيمة","2016","7098662210","362884","أرض"
"Second Quarter","الربع الثاني","Number","22492","Other","23250","أخرى","2","Land","عدد","2016","223","362884","أرض"
"Third Quarter","الربع الثالث","Value","22487","Sales","23248","المبايعات","3","Units","قيمة","2016","11720299097","362882","وحده"
"Third Quarter","الربع الثالث","Number","22488","Sales","23248","المبايعات","3","Units","عدد","2016","7225","362882","وحده"
"Third Quarter","الربع الثالث","Value","22489","Sales","23249","المبايعات","3","Building","قيمة","2016","2267650920","362882","مبنى"
"Third Quarter","الربع الثالث","Number","22490","Sales","23249","المبايعات","3","Building","عدد","2016","667","362882","مبنى"
"Third Quarter","الربع الثالث","Value","22491","Sales","23250","المبايعات","3","Land","قيمة","2016","12294855063","362882","أرض"
"Third Quarter","الربع الثالث","Number","22492","Sales","23250","المبايعات","3","Land","عدد","2016","1883","362882","أرض"
"Third Quarter","الربع الثالث","Value","22487","Mortgages","23248","الرهون","3","Units","قيمة","2016","2484974505","362883","وحده"
"Third Quarter","الربع الثالث","Number","22488","Mortgages","23248","الرهون","3","Units","عدد","2016","1895","362883","وحده"
"Third Quarter","الربع الثالث","Value","22489","Mortgages","23249","الرهون","3","Building","قيمة","2016","1239833452","362883","مبنى"
"Third Quarter","الربع الثالث","Number","22490","Mortgages","23249","الرهون","3","Building","عدد","2016","330","362883","مبنى"
"Third Quarter","الربع الثالث","Value","22491","Mortgages","23250","الرهون","3","Land","قيمة","2016","18414896348","362883","أرض"
"Third Quarter","الربع الثالث","Number","22492","Mortgages","23250","الرهون","3","Land","عدد","2016","1157","362883","أرض"
"Third Quarter","الربع الثالث","Value","22487","Other","23248","أخرى","3","Units","قيمة","2016","573527153","362884","وحده"
"Third Quarter","الربع الثالث","Number","22488","Other","23248","أخرى","3","Units","عدد","2016","545","362884","وحده"
"Third Quarter","الربع الثالث","Value","22489","Other","23249","أخرى","3","Building","قيمة","2016","165113127","362884","مبنى"
"Third Quarter","الربع الثالث","Number","22490","Other","23249","أخرى","3","Building","عدد","2016","21","362884","مبنى"
"Third Quarter","الربع الثالث","Value","22491","Other","23250","أخرى","3","Land","قيمة","2016","4767806661","362884","أرض"
"Third Quarter","الربع الثالث","Number","22492","Other","23250","أخرى","3","Land","عدد","2016","211","362884","أرض"
"Fourth Quarter","الربع الرابع","Value","22487","Sales","23248","المبايعات","4","Units","قيمة","2016","10065084671","362882","وحده"
"Fourth Quarter","الربع الرابع","Number","22488","Sales","23248","المبايعات","4","Units","عدد","2016","7485","362882","وحده"
"Fourth Quarter","الربع الرابع","Value","22489","Sales","23249","المبايعات","4","Building","قيمة","2016","1813751289","362882","مبنى"
"Fourth Quarter","الربع الرابع","Number","22490","Sales","23249","المبايعات","4","Building","عدد","2016","768","362882","مبنى"
"Fourth Quarter","الربع الرابع","Value","22491","Sales","23250","المبايعات","4","Land","قيمة","2016","15102017472","362882","أرض"
"Fourth Quarter","الربع الرابع","Number","22492","Sales","23250","المبايعات","4","Land","عدد","2016","3191","362882","أرض"
"Fourth Quarter","الربع الرابع","Value","22487","Mortgages","23248","الرهون","4","Units","قيمة","2016","2840964145","362883","وحده"
"Fourth Quarter","الربع الرابع","Number","22488","Mortgages","23248","الرهون","4","Units","عدد","2016","2064","362883","وحده"
"Fourth Quarter","الربع الرابع","Value","22489","Mortgages","23249","الرهون","4","Building","قيمة","2016","787390128","362883","مبنى"
"Fourth Quarter","الربع الرابع","Number","22490","Mortgages","23249","الرهون","4","Building","عدد","2016","449","362883","مبنى"
"Fourth Quarter","الربع الرابع","Value","22491","Mortgages","23250","الرهون","4","Land","قيمة","2016","51504997252","362883","أرض"
"Fourth Quarter","الربع الرابع","Number","22492","Mortgages","23250","الرهون","4","Land","عدد","2016","1385","362883","أرض"
"Fourth Quarter","الربع الرابع","Value","22487","Other","23248","أخرى","4","Units","قيمة","2016","888762500","362884","وحده"
"Fourth Quarter","الربع الرابع","Number","22488","Other","23248","أخرى","4","Units","عدد","2016","815","362884","وحده"
"Fourth Quarter","الربع الرابع","Value","22489","Other","23249","أخرى","4","Building","قيمة","2016","433407662","362884","مبنى"
"Fourth Quarter","الربع الرابع","Number","22490","Other","23249","أخرى","4","Building","عدد","2016","58","362884","مبنى"
"Fourth Quarter","الربع الرابع","Value","22491","Other","23250","أخرى","4","Land","قيمة","2016","3891961456","362884","أرض"
"Fourth Quarter","الربع الرابع","Number","22492","Other","23250","أخرى","4","Land","عدد","2016","324","362884","أرض"
"First Quarter","الربع الأول","Value","22487","Sales","23248","المبايعات","1","Units","قيمة","2017","14556749479","362882","وحده"
"First Quarter","الربع الأول","Number","22488","Sales","23248","المبايعات","1","Units","عدد","2017","10276","362882","وحده"
"First Quarter","الربع الأول","Value","22489","Sales","23249","المبايعات","1","Building","قيمة","2017","4697882276","362882","مبنى"
"First Quarter","الربع الأول","Number","22490","Sales","23249","المبايعات","1","Building","عدد","2017","1997","362882","مبنى"
"First Quarter","الربع الأول","Value","22491","Sales","23250","المبايعات","1","Land","قيمة","2017","18621387741","362882","أرض"
"First Quarter","الربع الأول","Number","22492","Sales","23250","المبايعات","1","Land","عدد","2017","2848","362882","أرض"
"First Quarter","الربع الأول","Value","22487","Mortgages","23248","الرهون","1","Units","قيمة","2017","2996649511","362883","وحده"
"First Quarter","الربع الأول","Number","22488","Mortgages","23248","الرهون","1","Units","عدد","2017","2260","362883","وحده"
"First Quarter","الربع الأول","Value","22489","Mortgages","23249","الرهون","1","Building","قيمة","2017","1253348833","362883","مبنى"
"First Quarter","الربع الأول","Number","22490","Mortgages","23249","الرهون","1","Building","عدد","2017","441","362883","مبنى"
"First Quarter","الربع الأول","Value","22491","Mortgages","23250","الرهون","1","Land","قيمة","2017","32957212757","362883","أرض"
"First Quarter","الربع الأول","Number","22492","Mortgages","23250","الرهون","1","Land","عدد","2017","1369","362883","أرض"
"First Quarter","الربع الأول","Value","22487","Other","23248","أخرى","1","Units","قيمة","2017","1044836725","362884","وحده"
"First Quarter","الربع الأول","Number","22488","Other","23248","أخرى","1","Units","عدد","2017","815","362884","وحده"
"First Quarter","الربع الأول","Value","22489","Other","23249","أخرى","1","Building","قيمة","2017","70266776","362884","مبنى"
"First Quarter","الربع الأول","Number","22490","Other","23249","أخرى","1","Building","عدد","2017","28","362884","مبنى"
"First Quarter","الربع الأول","Value","22491","Other","23250","أخرى","1","Land","قيمة","2017","5076461679","362884","أرض"
"First Quarter","الربع الأول","Number","22492","Other","23250","أخرى","1","Land","عدد","2017","234","362884","أرض"
"Second Quarter","الربع الثاني","Value","22487","Sales","23248","المبايعات","2","Units","قيمة","2017","9555681434","362882","وحده"
"Second Quarter","الربع الثاني","Number","22488","Sales","23248","المبايعات","2","Units","عدد","2017","7660","362882","وحده"
"Second Quarter","الربع الثاني","Value","22489","Sales","23249","المبايعات","2","Building","قيمة","2017","2229162901","362882","مبنى"
"Second Quarter","الربع الثاني","Number","22490","Sales","23249","المبايعات","2","Building","عدد","2017","907","362882","مبنى"
"Second Quarter","الربع الثاني","Value","22491","Sales","23250","المبايعات","2","Land","قيمة","2017","13030807010","362882","أرض"
"Second Quarter","الربع الثاني","Number","22492","Sales","23250","المبايعات","2","Land","عدد","2017","2140","362882","أرض"
"Second Quarter","الربع الثاني","Value","22487","Mortgages","23248","الرهون","2","Units","قيمة","2017","2753347961","362883","وحده"
"Second Quarter","الربع الثاني","Number","22488","Mortgages","23248","الرهون","2","Units","عدد","2017","2097","362883","وحده"
"Second Quarter","الربع الثاني","Value","22489","Mortgages","23249","الرهون","2","Building","قيمة","2017","1250665005","362883","مبنى"
"Second Quarter","الربع الثاني","Number","22490","Mortgages","23249","الرهون","2","Building","عدد","2017","472","362883","مبنى"
"Second Quarter","الربع الثاني","Value","22491","Mortgages","23250","الرهون","2","Land","قيمة","2017","24906273752","362883","أرض"
"Second Quarter","الربع الثاني","Number","22492","Mortgages","23250","الرهون","2","Land","عدد","2017","1253","362883","أرض"
"Second Quarter","الربع الثاني","Value","22487","Other","23248","أخرى","2","Units","قيمة","2017","618729173","362884","وحده"
"Second Quarter","الربع الثاني","Number","22488","Other","23248","أخرى","2","Units","عدد","2017","520","362884","وحده"
"Second Quarter","الربع الثاني","Value","22489","Other","23249","أخرى","2","Building","قيمة","2017","26719908","362884","مبنى"
"Second Quarter","الربع الثاني","Number","22490","Other","23249","أخرى","2","Building","عدد","2017","15","362884","مبنى"
"Second Quarter","الربع الثاني","Value","22491","Other","23250","أخرى","2","Land","قيمة","2017","2257815741","362884","أرض"
"Second Quarter","الربع الثاني","Number","22492","Other","23250","أخرى","2","Land","عدد","2017","198","362884","أرض"
"Third Quarter","الربع الثالث","Value","22487","Sales","23248","المبايعات","3","Units","قيمة","2017","12789784042","362882","وحده"
"Third Quarter","الربع الثالث","Number","22488","Sales","23248","المبايعات","3","Units","عدد","2017","9391","362882","وحده"
"Third Quarter","الربع الثالث","Value","22489","Sales","23249","المبايعات","3","Building","قيمة","2017","1866854388","362882","مبنى"
"Third Quarter","الربع الثالث","Number","22490","Sales","23249","المبايعات","3","Building","عدد","2017","795","362882","مبنى"
"Third Quarter","الربع الثالث","Value","22491","Sales","23250","المبايعات","3","Land","قيمة","2017","10853043033","362882","أرض"
"Third Quarter","الربع الثالث","Number","22492","Sales","23250","المبايعات","3","Land","عدد","2017","1618","362882","أرض"
"Third Quarter","الربع الثالث","Value","22487","Mortgages","23248","الرهون","3","Units","قيمة","2017","3149067813","362883","وحده"
"Third Quarter","الربع الثالث","Number","22488","Mortgages","23248","الرهون","3","Units","عدد","2017","2141","362883","وحده"
"Third Quarter","الربع الثالث","Value","22489","Mortgages","23249","الرهون","3","Building","قيمة","2017","1237779721","362883","مبنى"
"Third Quarter","الربع الثالث","Number","22490","Mortgages","23249","الرهون","3","Building","عدد","2017","325","362883","مبنى"
"Third Quarter","الربع الثالث","Value","22491","Mortgages","23250","الرهون","3","Land","قيمة","2017","31728689879","362883","أرض"
"Third Quarter","الربع الثالث","Number","22492","Mortgages","23250","الرهون","3","Land","عدد","2017","1341","362883","أرض"
"Third Quarter","الربع الثالث","Value","22487","Other","23248","أخرى","3","Units","قيمة","2017","1302721430","362884","وحده"
"Third Quarter","الربع الثالث","Number","22488","Other","23248","أخرى","3","Units","عدد","2017","825","362884","وحده"
"Third Quarter","الربع الثالث","Value","22489","Other","23249","أخرى","3","Building","قيمة","2017","71466000","362884","مبنى"
"Third Quarter","الربع الثالث","Number","22490","Other","23249","أخرى","3","Building","عدد","2017","31","362884","مبنى"
"Third Quarter","الربع الثالث","Value","22491","Other","23250","أخرى","3","Land","قيمة","2017","3972126008","362884","أرض"
"Third Quarter","الربع الثالث","Number","22492","Other","23250","أخرى","3","Land","عدد","2017","171","362884","أرض"
"Fourth Quarter","الربع الرابع","Value","22487","Sales","23248","المبايعات","4","Units","قيمة","2017","11481220806","362882","وحده"
"Fourth Quarter","الربع الرابع","Number","22488","Sales","23248","المبايعات","4","Units","عدد","2017","9158","362882","وحده"
"Fourth Quarter","الربع الرابع","Value","22489","Sales","23249","المبايعات","4","Building","قيمة","2017","1456710030","362882","مبنى"
"Fourth Quarter","الربع الرابع","Number","22490","Sales","23249","المبايعات","4","Building","عدد","2017","658","362882","مبنى"
"Fourth Quarter","الربع الرابع","Value","22491","Sales","23250","المبايعات","4","Land","قيمة","2017","13125498141","362882","أرض"
"Fourth Quarter","الربع الرابع","Number","22492","Sales","23250","المبايعات","4","Land","عدد","2017","1831","362882","أرض"
"Fourth Quarter","الربع الرابع","Value","22487","Mortgages","23248","الرهون","4","Units","قيمة","2017","3204863486","362883","وحده"
"Fourth Quarter","الربع الرابع","Number","22488","Mortgages","23248","الرهون","4","Units","عدد","2017","2127","362883","وحده"
"Fourth Quarter","الربع الرابع","Value","22489","Mortgages","23249","الرهون","4","Building","قيمة","2017","919907114","362883","مبنى"
"Fourth Quarter","الربع الرابع","Number","22490","Mortgages","23249","الرهون","4","Building","عدد","2017","368","362883","مبنى"
"Fourth Quarter","الربع الرابع","Value","22491","Mortgages","23250","الرهون","4","Land","قيمة","2017","30997461296","362883","أرض"
"Fourth Quarter","الربع الرابع","Number","22492","Mortgages","23250","الرهون","4","Land","عدد","2017","1472","362883","أرض"
"Fourth Quarter","الربع الرابع","Value","22487","Other","23248","أخرى","4","Units","قيمة","2017","985421448","362884","وحده"
"Fourth Quarter","الربع الرابع","Number","22488","Other","23248","أخرى","4","Units","عدد","2017","729","362884","وحده"
"Fourth Quarter","الربع الرابع","Value","22489","Other","23249","أخرى","4","Building","قيمة","2017","46432342","362884","مبنى"
"Fourth Quarter","الربع الرابع","Number","22490","Other","23249","أخرى","4","Building","عدد","2017","18","362884","مبنى"
"Fourth Quarter","الربع الرابع","Value","22491","Other","23250","أخرى","4","Land","قيمة","2017","17429464585","362884","أرض"
"Fourth Quarter","الربع الرابع","Number","22492","Other","23250","أخرى","4","Land","عدد","2017","515","362884","أرض"
"First Quarter","الربع الأول","Value","22487","Sales","23248","المبايعات","1","Units","قيمة","2018","9146640476","362882","وحده"
"First Quarter","الربع الأول","Number","22488","Sales","23248","المبايعات","1","Units","عدد","2018","7474","362882","وحده"
"First Quarter","الربع الأول","Value","22489","Sales","23249","المبايعات","1","Building","قيمة","2018","1061338773","362882","مبنى"
"First Quarter","الربع الأول","Number","22490","Sales","23249","المبايعات","1","Building","عدد","2018","434","362882","مبنى"
"First Quarter","الربع الأول","Value","22491","Sales","23250","المبايعات","1","Land","قيمة","2018","8635664794","362882","أرض"
"First Quarter","الربع الأول","Number","22492","Sales","23250","المبايعات","1","Land","عدد","2018","1184","362882","أرض"
"First Quarter","الربع الأول","Value","22487","Mortgages","23248","الرهون","1","Units","قيمة","2018","2680576376","362883","وحده"
"First Quarter","الربع الأول","Number","22488","Mortgages","23248","الرهون","1","Units","عدد","2018","2018","362883","وحده"
"First Quarter","الربع الأول","Value","22489","Mortgages","23249","الرهون","1","Building","قيمة","2018","1351371686","362883","مبنى"
"First Quarter","الربع الأول","Number","22490","Mortgages","23249","الرهون","1","Building","عدد","2018","300","362883","مبنى"
"First Quarter","الربع الأول","Value","22491","Mortgages","23250","الرهون","1","Land","قيمة","2018","26665497090","362883","أرض"
"First Quarter","الربع الأول","Number","22492","Mortgages","23250","الرهون","1","Land","عدد","2018","1399","362883","أرض"
"First Quarter","الربع الأول","Value","22487","Other","23248","أخرى","1","Units","قيمة","2018","887725609","362884","وحده"
"First Quarter","الربع الأول","Number","22488","Other","23248","أخرى","1","Units","عدد","2018","682","362884","وحده"
"First Quarter","الربع الأول","Value","22489","Other","23249","أخرى","1","Building","قيمة","2018","712068891","362884","مبنى"
"First Quarter","الربع الأول","Number","22490","Other","23249","أخرى","1","Building","عدد","2018","41","362884","مبنى"
"First Quarter","الربع الأول","Value","22491","Other","23250","أخرى","1","Land","قيمة","2018","6808124041","362884","أرض"
"First Quarter","الربع الأول","Number","22492","Other","23250","أخرى","1","Land","عدد","2018","227","362884","أرض"
"Second Quarter","الربع الثاني","Value","22487","Sales","23248","المبايعات","2","Units","قيمة","2018","9224654939","362882","وحده"
"Second Quarter","الربع الثاني","Number","22488","Sales","23248","المبايعات","2","Units","عدد","2018","7225","362882","وحده"
"Second Quarter","الربع الثاني","Value","22489","Sales","23249","المبايعات","2","Building","قيمة","2018","2292934807","362882","مبنى"
"Second Quarter","الربع الثاني","Number","22490","Sales","23249","المبايعات","2","Building","عدد","2018","696","362882","مبنى"
"Second Quarter","الربع الثاني","Value","22491","Sales","23250","المبايعات","2","Land","قيمة","2018","9415095556","362882","أرض"
"Second Quarter","الربع الثاني","Number","22492","Sales","23250","المبايعات","2","Land","عدد","2018","1192","362882","أرض"
"Second Quarter","الربع الثاني","Value","22487","Mortgages","23248","الرهون","2","Units","قيمة","2018","2975625783","362883","وحده"
"Second Quarter","الربع الثاني","Number","22488","Mortgages","23248","الرهون","2","Units","عدد","2018","2212","362883","وحده"
"Second Quarter","الربع الثاني","Value","22489","Mortgages","23249","الرهون","2","Building","قيمة","2018","1358805653","362883","مبنى"
"Second Quarter","الربع الثاني","Number","22490","Mortgages","23249","الرهون","2","Building","عدد","2018","402","362883","مبنى"
"Second Quarter","الربع الثاني","Value","22491","Mortgages","23250","الرهون","2","Land","قيمة","2018","23033952574","362883","أرض"
"Second Quarter","الربع الثاني","Number","22492","Mortgages","23250","الرهون","2","Land","عدد","2018","1332","362883","أرض"
"Second Quarter","الربع الثاني","Value","22487","Other","23248","أخرى","2","Units","قيمة","2018","591331732","362884","وحده"
"Second Quarter","الربع الثاني","Number","22488","Other","23248","أخرى","2","Units","عدد","2018","575","362884","وحده"
"Second Quarter","الربع الثاني","Value","22489","Other","23249","أخرى","2","Building","قيمة","2018","34750127","362884","مبنى"
"Second Quarter","الربع الثاني","Number","22490","Other","23249","أخرى","2","Building","عدد","2018","21","362884","مبنى"
"Second Quarter","الربع الثاني","Value","22491","Other","23250","أخرى","2","Land","قيمة","2018","4450827585","362884","أرض"
"Second Quarter","الربع الثاني","Number","22492","Other","23250","أخرى","2","Land","عدد","2018","237","362884","أرض"
"Third Quarter","الربع الثالث","Value","22487","Sales","23248","المبايعات","3","Units","قيمة","2018","6770736117","362882","وحده"
"Third Quarter","الربع الثالث","Number","22488","Sales","23248","المبايعات","3","Units","عدد","2018","5390","362882","وحده"
"Third Quarter","الربع الثالث","Value","22489","Sales","23249","المبايعات","3","Building","قيمة","2018","1226178553","362882","مبنى"
"Third Quarter","الربع الثالث","Number","22490","Sales","23249","المبايعات","3","Building","عدد","2018","627","362882","مبنى"
"Third Quarter","الربع الثالث","Value","22491","Sales","23250","المبايعات","3","Land","قيمة","2018","8649253327","362882","أرض"
"Third Quarter","الربع الثالث","Number","22492","Sales","23250","المبايعات","3","Land","عدد","2018","1270","362882","أرض"
"Third Quarter","الربع الثالث","Value","22487","Mortgages","23248","الرهون","3","Units","قيمة","2018","2150873787","362883","وحده"
"Third Quarter","الربع الثالث","Number","22488","Mortgages","23248","الرهون","3","Units","عدد","2018","1475","362883","وحده"
"Third Quarter","الربع الثالث","Value","22489","Mortgages","23249","الرهون","3","Building","قيمة","2018","532669921","362883","مبنى"
"Third Quarter","الربع الثالث","Number","22490","Mortgages","23249","الرهون","3","Building","عدد","2018","309","362883","مبنى"
"Third Quarter","الربع الثالث","Value","22491","Mortgages","23250","الرهون","3","Land","قيمة","2018","25938941462","362883","أرض"
"Third Quarter","الربع الثالث","Number","22492","Mortgages","23250","الرهون","3","Land","عدد","2018","1396","362883","أرض"
"Third Quarter","الربع الثالث","Value","22487","Other","23248","أخرى","3","Units","قيمة","2018","1071735104","362884","وحده"
"Third Quarter","الربع الثالث","Number","22488","Other","23248","أخرى","3","Units","عدد","2018","657","362884","وحده"
"Third Quarter","الربع الثالث","Value","22489","Other","23249","أخرى","3","Building","قيمة","2018","60270174","362884","مبنى"
"Third Quarter","الربع الثالث","Number","22490","Other","23249","أخرى","3","Building","عدد","2018","28","362884","مبنى"
"Third Quarter","الربع الثالث","Value","22491","Other","23250","أخرى","3","Land","قيمة","2018","4703058647","362884","أرض"
"Third Quarter","الربع الثالث","Number","22492","Other","23250","أخرى","3","Land","عدد","2018","1018","362884","أرض"
"Fourth Quarter","الربع الرابع","Value","22487","Sales","23248","المبايعات","4","Units","قيمة","2018","8088074770","362882","وحده"
"Fourth Quarter","الربع الرابع","Number","22488","Sales","23248","المبايعات","4","Units","عدد","2018","6642","362882","وحده"
"Fourth Quarter","الربع الرابع","Value","22489","Sales","23249","المبايعات","4","Building","قيمة","2018","1332737443","362882","مبنى"
"Fourth Quarter","الربع الرابع","Number","22490","Sales","23249","المبايعات","4","Building","عدد","2018","694","362882","مبنى"
"Fourth Quarter","الربع الرابع","Value","22491","Sales","23250","المبايعات","4","Land","قيمة","2018","8801697157","362882","أرض"
"Fourth Quarter","الربع الرابع","Number","22492","Sales","23250","المبايعات","4","Land","عدد","2018","1431","362882","أرض"
"Fourth Quarter","الربع الرابع","Value","22487","Mortgages","23248","الرهون","4","Units","قيمة","2018","2294673138","362883","وحده"
"Fourth Quarter","الربع الرابع","Number","22488","Mortgages","23248","الرهون","4","Units","عدد","2018","1631","362883","وحده"
"Fourth Quarter","الربع الرابع","Value","22489","Mortgages","23249","الرهون","4","Building","قيمة","2018","411493569","362883","مبنى"
"Fourth Quarter","الربع الرابع","Number","22490","Mortgages","23249","الرهون","4","Building","عدد","2018","288","362883","مبنى"
"Fourth Quarter","الربع الرابع","Value","22491","Mortgages","23250","الرهون","4","Land","قيمة","2018","30505781013","362883","أرض"
"Fourth Quarter","الربع الرابع","Number","22492","Mortgages","23250","الرهون","4","Land","عدد","2018","1421","362883","أرض"
"Fourth Quarter","الربع الرابع","Value","22487","Other","23248","أخرى","4","Units","قيمة","2018","1301174054","362884","وحده"
"Fourth Quarter","الربع الرابع","Number","22488","Other","23248","أخرى","4","Units","عدد","2018","924","362884","وحده"
"Fourth Quarter","الربع الرابع","Value","22489","Other","23249","أخرى","4","Building","قيمة","2018","507550000","362884","مبنى"
"Fourth Quarter","الربع الرابع","Number","22490","Other","23249","أخرى","4","Building","عدد","2018","200","362884","مبنى"
"Fourth Quarter","الربع الرابع","Value","22491","Other","23250","أخرى","4","Land","قيمة","2018","7839021488","362884","أرض"
"Fourth Quarter","الربع الرابع","Number","22492","Other","23250","أخرى","4","Land","عدد","2018","501","362884","أرض"
"First Quarter","الربع الأول","Value","22487","Sales","23248","المبايعات","1","Units","قيمة","2019","9330741855","362882","وحده"
"First Quarter","الربع الأول","Number","22488","Sales","23248","المبايعات","1","Units","عدد","2019","6952","362882","وحده"
"First Quarter","الربع الأول","Value","22489","Sales","23249","المبايعات","1","Building","قيمة","2019","1913129337","362882","مبنى"
"First Quarter","الربع الأول","Number","22490","Sales","23249","المبايعات","1","Building","عدد","2019","1029","362882","مبنى"
"First Quarter","الربع الأول","Value","22491","Sales","23250","المبايعات","1","Land","قيمة","2019","9242728326","362882","أرض"
"First Quarter","الربع الأول","Number","22492","Sales","23250","المبايعات","1","Land","عدد","2019","992","362882","أرض"
"First Quarter","الربع الأول","Value","22487","Mortgages","23248","الرهون","1","Units","قيمة","2019","2147199955","362883","وحده"
"First Quarter","الربع الأول","Number","22488","Mortgages","23248","الرهون","1","Units","عدد","2019","1444","362883","وحده"
"First Quarter","الربع الأول","Value","22489","Mortgages","23249","الرهون","1","Building","قيمة","2019","979965424","362883","مبنى"
"First Quarter","الربع الأول","Number","22490","Mortgages","23249","الرهون","1","Building","عدد","2019","251","362883","مبنى"
"First Quarter","الربع الأول","Value","22491","Mortgages","23250","الرهون","1","Land","قيمة","2019","28352474358","362883","أرض"
"First Quarter","الربع الأول","Number","22492","Mortgages","23250","الرهون","1","Land","عدد","2019","1213","362883","أرض"
"First Quarter","الربع الأول","Value","22487","Other","23248","أخرى","1","Units","قيمة","2019","827271559","362884","وحده"
"First Quarter","الربع الأول","Number","22488","Other","23248","أخرى","1","Units","عدد","2019","677","362884","وحده"
"First Quarter","الربع الأول","Value","22489","Other","23249","أخرى","1","Building","قيمة","2019","89932102","362884","مبنى"
"First Quarter","الربع الأول","Number","22490","Other","23249","أخرى","1","Building","عدد","2019","43","362884","مبنى"
"First Quarter","الربع الأول","Value","22491","Other","23250","أخرى","1","Land","قيمة","2019","3557313516","362884","أرض"
"First Quarter","الربع الأول","Number","22492","Other","23250","أخرى","1","Land","عدد","2019","225","362884","أرض"
"Second Quarter","الربع الثاني","Value","22487","Sales","23248","المبايعات","2","Units","قيمة","2019","11009854592","362882","وحده"
"Second Quarter","الربع الثاني","Number","22488","Sales","23248","المبايعات","2","Units","عدد","2019","7045","362882","وحده"
"Second Quarter","الربع الثاني","Value","22489","Sales","23249","المبايعات","2","Building","قيمة","2019","1473111271","362882","مبنى"
"Second Quarter","الربع الثاني","Number","22490","Sales","23249","المبايعات","2","Building","عدد","2019","912","362882","مبنى"
"Second Quarter","الربع الثاني","Value","22491","Sales","23250","المبايعات","2","Land","قيمة","2019","6196921890","362882","أرض"
"Second Quarter","الربع الثاني","Number","22492","Sales","23250","المبايعات","2","Land","عدد","2019","1098","362882","أرض"
"Second Quarter","الربع الثاني","Value","22487","Mortgages","23248","الرهون","2","Units","قيمة","2019","1555601561","362883","وحده"
"Second Quarter","الربع الثاني","Number","22488","Mortgages","23248","الرهون","2","Units","عدد","2019","1458","362883","وحده"
"Second Quarter","الربع الثاني","Value","22489","Mortgages","23249","الرهون","2","Building","قيمة","2019","346154904","362883","مبنى"
"Second Quarter","الربع الثاني","Number","22490","Mortgages","23249","الرهون","2","Building","عدد","2019","253","362883","مبنى"
"Second Quarter","الربع الثاني","Value","22491","Mortgages","23250","الرهون","2","Land","قيمة","2019","33219291938","362883","أرض"
"Second Quarter","الربع الثاني","Number","22492","Mortgages","23250","الرهون","2","Land","عدد","2019","978","362883","أرض"
"Second Quarter","الربع الثاني","Value","22487","Other","23248","أخرى","2","Units","قيمة","2019","1358108994","362884","وحده"
"Second Quarter","الربع الثاني","Number","22488","Other","23248","أخرى","2","Units","عدد","2019","896","362884","وحده"
"Second Quarter","الربع الثاني","Value","22489","Other","23249","أخرى","2","Building","قيمة","2019","320450045","362884","مبنى"
"Second Quarter","الربع الثاني","Number","22490","Other","23249","أخرى","2","Building","عدد","2019","32","362884","مبنى"
"Second Quarter","الربع الثاني","Value","22491","Other","23250","أخرى","2","Land","قيمة","2019","5218976089","362884","أرض"
"Second Quarter","الربع الثاني","Number","22492","Other","23250","أخرى","2","Land","عدد","2019","263","362884","أرض"
"Third Quarter","الربع الثالث","Value","22487","Sales","23248","المبايعات","3","Units","قيمة","2019","9301229181","362882","وحده"
"Third Quarter","الربع الثالث","Number","22488","Sales","23248","المبايعات","3","Units","عدد","2019","7294","362882","وحده"
"Third Quarter","الربع الثالث","Value","22489","Sales","23249","المبايعات","3","Building","قيمة","2019","2468723323","362882","مبنى"
"Third Quarter","الربع الثالث","Number","22490","Sales","23249","المبايعات","3","Building","عدد","2019","1506","362882","مبنى"
"Third Quarter","الربع الثالث","Value","22491","Sales","23250","المبايعات","3","Land","قيمة","2019","6127018941","362882","أرض"
"Third Quarter","الربع الثالث","Number","22492","Sales","23250","المبايعات","3","Land","عدد","2019","1066","362882","أرض"
"Third Quarter","الربع الثالث","Value","22487","Mortgages","23248","الرهون","3","Units","قيمة","2019","3555379536","362883","وحده"
"Third Quarter","الربع الثالث","Number","22488","Mortgages","23248","الرهون","3","Units","عدد","2019","2008","362883","وحده"
"Third Quarter","الربع الثالث","Value","22489","Mortgages","23249","الرهون","3","Building","قيمة","2019","410234480","362883","مبنى"
"Third Quarter","الربع الثالث","Number","22490","Mortgages","23249","الرهون","3","Building","عدد","2019","286","362883","مبنى"
"Third Quarter","الربع الثالث","Value","22491","Mortgages","23250","الرهون","3","Land","قيمة","2019","16861049086","362883","أرض"
"Third Quarter","الربع الثالث","Number","22492","Mortgages","23250","الرهون","3","Land","عدد","2019","1127","362883","أرض"
"Third Quarter","الربع الثالث","Value","22487","Other","23248","أخرى","3","Units","قيمة","2019","749682248","362884","وحده"
"Third Quarter","الربع الثالث","Number","22488","Other","23248","أخرى","3","Units","عدد","2019","628","362884","وحده"
"Third Quarter","الربع الثالث","Value","22489","Other","23249","أخرى","3","Building","قيمة","2019","76151523","362884","مبنى"
"Third Quarter","الربع الثالث","Number","22490","Other","23249","أخرى","3","Building","عدد","2019","30","362884","مبنى"
"Third Quarter","الربع الثالث","Value","22491","Other","23250","أخرى","3","Land","قيمة","2019","3107306831","362884","أرض"
"Third Quarter","الربع الثالث","Number","22492","Other","23250","أخرى","3","Land","عدد","2019","165","362884","أرض"
"Fourth Quarter","الربع الرابع","Value","22487","Sales","23248","المبايعات","4","Units","قيمة","2019","12405693289","362882","وحده"
"Fourth Quarter","الربع الرابع","Number","22488","Sales","23248","المبايعات","4","Units","عدد","2019","9031","362882","وحده"
"Fourth Quarter","الربع الرابع","Value","22489","Sales","23249","المبايعات","4","Building","قيمة","2019","4120630994","362882","مبنى"
"Fourth Quarter","الربع الرابع","Number","22490","Sales","23249","المبايعات","4","Building","عدد","2019","2190","362882","مبنى"
"Fourth Quarter","الربع الرابع","Value","22491","Sales","23250","المبايعات","4","Land","قيمة","2019","7440264834","362882","أرض"
"Fourth Quarter","الربع الرابع","Number","22492","Sales","23250","المبايعات","4","Land","عدد","2019","1150","362882","أرض"
"Fourth Quarter","الربع الرابع","Value","22487","Mortgages","23248","الرهون","4","Units","قيمة","2019","10075909185","362883","وحده"
"Fourth Quarter","الربع الرابع","Number","22488","Mortgages","23248","الرهون","4","Units","عدد","2019","1795","362883","وحده"
"Fourth Quarter","الربع الرابع","Value","22489","Mortgages","23249","الرهون","4","Building","قيمة","2019","1238671791","362883","مبنى"
"Fourth Quarter","الربع الرابع","Number","22490","Mortgages","23249","الرهون","4","Building","عدد","2019","500","362883","مبنى"
"Fourth Quarter","الربع الرابع","Value","22491","Mortgages","23250","الرهون","4","Land","قيمة","2019","28583600188","362883","أرض"
"Fourth Quarter","الربع الرابع","Number","22492","Mortgages","23250","الرهون","4","Land","عدد","2019","1234","362883","أرض"
"Fourth Quarter","الربع الرابع","Value","22487","Other","23248","أخرى","4","Units","قيمة","2019","658993617","362884","وحده"
"Fourth Quarter","الربع الرابع","Number","22488","Other","23248","أخرى","4","Units","عدد","2019","544","362884","وحده"
"Fourth Quarter","الربع الرابع","Value","22489","Other","23249","أخرى","4","Building","قيمة","2019","226090287","362884","مبنى"
"Fourth Quarter","الربع الرابع","Number","22490","Other","23249","أخرى","4","Building","عدد","2019","69","362884","مبنى"
"Fourth Quarter","الربع الرابع","Value","22491","Other","23250","أخرى","4","Land","قيمة","2019","3018162237","362884","أرض"
"Fourth Quarter","الربع الرابع","Number","22492","Other","23250","أخرى","4","Land","عدد","2019","194","362884","أرض"
"First Quarter","الربع الأول","Value","22487","Sales","23248","المبايعات","1","Units","قيمة","2020","10105036194","362882","وحده"
"First Quarter","الربع الأول","Number","22488","Sales","23248","المبايعات","1","Units","عدد","2020","7877","362882","وحده"
"First Quarter","الربع الأول","Value","22489","Sales","23249","المبايعات","1","Building","قيمة","2020","2103938867","362882","مبنى"
"First Quarter","الربع الأول","Number","22490","Sales","23249","المبايعات","1","Building","عدد","2020","1180","362882","مبنى"
"First Quarter","الربع الأول","Value","22491","Sales","23250","المبايعات","1","Land","قيمة","2020","9156873548","362882","أرض"
"First Quarter","الربع الأول","Number","22492","Sales","23250","المبايعات","1","Land","عدد","2020","1064","362882","أرض"
"First Quarter","الربع الأول","Value","22487","Mortgages","23248","الرهون","1","Units","قيمة","2020","1994841166","362883","وحده"
"First Quarter","الربع الأول","Number","22488","Mortgages","23248","الرهون","1","Units","عدد","2020","1699","362883","وحده"
"First Quarter","الربع الأول","Value","22489","Mortgages","23249","الرهون","1","Building","قيمة","2020","710217251","362883","مبنى"
"First Quarter","الربع الأول","Number","22490","Mortgages","23249","الرهون","1","Building","عدد","2020","507","362883","مبنى"
"First Quarter","الربع الأول","Value","22491","Mortgages","23250","الرهون","1","Land","قيمة","2020","19239565259","362883","أرض"
"First Quarter","الربع الأول","Number","22492","Mortgages","23250","الرهون","1","Land","عدد","2020","1365","362883","أرض"
"First Quarter","الربع الأول","Value","22487","Other","23248","أخرى","1","Units","قيمة","2020","821450043","362884","وحده"
"First Quarter","الربع الأول","Number","22488","Other","23248","أخرى","1","Units","عدد","2020","721","362884","وحده"
"First Quarter","الربع الأول","Value","22489","Other","23249","أخرى","1","Building","قيمة","2020","53083288","362884","مبنى"
"First Quarter","الربع الأول","Number","22490","Other","23249","أخرى","1","Building","عدد","2020","34","362884","مبنى"
"First Quarter","الربع الأول","Value","22491","Other","23250","أخرى","1","Land","قيمة","2020","3366872533","362884","أرض"
"First Quarter","الربع الأول","Number","22492","Other","23250","أخرى","1","Land","عدد","2020","242","362884","أرض"
"Second Quarter","الربع الثاني","Value","22487","Sales","23248","المبايعات","2","Units","قيمة","2020","5707902301","362882","وحده"
"Second Quarter","الربع الثاني","Number","22488","Sales","23248","المبايعات","2","Units","عدد","2020","4311","362882","وحده"
"Second Quarter","الربع الثاني","Value","22489","Sales","23249","المبايعات","2","Building","قيمة","2020","1082282139","362882","مبنى"
"Second Quarter","الربع الثاني","Number","22490","Sales","23249","المبايعات","2","Building","عدد","2020","570","362882","مبنى"
"Second Quarter","الربع الثاني","Value","22491","Sales","23250","المبايعات","2","Land","قيمة","2020","4175985216","362882","أرض"
"Second Quarter","الربع الثاني","Number","22492","Sales","23250","المبايعات","2","Land","عدد","2020","674","362882","أرض"
"Second Quarter","الربع الثاني","Value","22487","Mortgages","23248","الرهون","2","Units","قيمة","2020","905584551","362883","وحده"
"Second Quarter","الربع الثاني","Number","22488","Mortgages","23248","الرهون","2","Units","عدد","2020","719","362883","وحده"
"Second Quarter","الربع الثاني","Value","22489","Mortgages","23249","الرهون","2","Building","قيمة","2020","358779716","362883","مبنى"
"Second Quarter","الربع الثاني","Number","22490","Mortgages","23249","الرهون","2","Building","عدد","2020","286","362883","مبنى"
"Second Quarter","الربع الثاني","Value","22491","Mortgages","23250","الرهون","2","Land","قيمة","2020","8730833232","362883","أرض"
"Second Quarter","الربع الثاني","Number","22492","Mortgages","23250","الرهون","2","Land","عدد","2020","858","362883","أرض"
"Second Quarter","الربع الثاني","Value","22487","Other","23248","أخرى","2","Units","قيمة","2020","370332414","362884","وحده"
"Second Quarter","الربع الثاني","Number","22488","Other","23248","أخرى","2","Units","عدد","2020","230","362884","وحده"
"Second Quarter","الربع الثاني","Value","22489","Other","23249","أخرى","2","Building","قيمة","2020","31683141","362884","مبنى"
"Second Quarter","الربع الثاني","Number","22490","Other","23249","أخرى","2","Building","عدد","2020","20","362884","مبنى"
"Second Quarter","الربع الثاني","Value","22491","Other","23250","أخرى","2","Land","قيمة","2020","2928183878","362884","أرض"
"Second Quarter","الربع الثاني","Number","22492","Other","23250","أخرى","2","Land","عدد","2020","110","362884","أرض"
"Third Quarter","الربع الثالث","Value","22487","Sales","23248","المبايعات","3","Units","قيمة","2020","6945938394","362882","وحده"
"Third Quarter","الربع الثالث","Number","22488","Sales","23248","المبايعات","3","Units","عدد","2020","5878","362882","وحده"
"Third Quarter","الربع الثالث","Value","22489","Sales","23249","المبايعات","3","Building","قيمة","2020","2200344097","362882","مبنى"
"Third Quarter","الربع الثالث","Number","22490","Sales","23249","المبايعات","3","Building","عدد","2020","1262","362882","مبنى"
"Third Quarter","الربع الثالث","Value","22491","Sales","23250","المبايعات","3","Land","قيمة","2020","8927852591","362882","أرض"
"Third Quarter","الربع الثالث","Number","22492","Sales","23250","المبايعات","3","Land","عدد","2020","1495","362882","أرض"
"Third Quarter","الربع الثالث","Value","22487","Mortgages","23248","الرهون","3","Units","قيمة","2020","1603218183","362883","وحده"
"Third Quarter","الربع الثالث","Number","22488","Mortgages","23248","الرهون","3","Units","عدد","2020","1409","362883","وحده"
"Third Quarter","الربع الثالث","Value","22489","Mortgages","23249","الرهون","3","Building","قيمة","2020","639635343","362883","مبنى"
"Third Quarter","الربع الثالث","Number","22490","Mortgages","23249","الرهون","3","Building","عدد","2020","492","362883","مبنى"
"Third Quarter","الربع الثالث","Value","22491","Mortgages","23250","الرهون","3","Land","قيمة","2020","34614344860","362883","أرض"
"Third Quarter","الربع الثالث","Number","22492","Mortgages","23250","الرهون","3","Land","عدد","2020","1799","362883","أرض"
"Third Quarter","الربع الثالث","Value","22487","Other","23248","أخرى","3","Units","قيمة","2020","693088894","362884","وحده"
"Third Quarter","الربع الثالث","Number","22488","Other","23248","أخرى","3","Units","عدد","2020","526","362884","وحده"
"Third Quarter","الربع الثالث","Value","22489","Other","23249","أخرى","3","Building","قيمة","2020","83869719","362884","مبنى"
"Third Quarter","الربع الثالث","Number","22490","Other","23249","أخرى","3","Building","عدد","2020","55","362884","مبنى"
"Third Quarter","الربع الثالث","Value","22491","Other","23250","أخرى","3","Land","قيمة","2020","3985758410","362884","أرض"
"Third Quarter","الربع الثالث","Number","22492","Other","23250","أخرى","3","Land","عدد","2020","317","362884","أرض"
"Fourth Quarter","الربع الرابع","Value","22487","Sales","23248","المبايعات","4","Units","قيمة","2020","9480383598","362882","وحده"
"Fourth Quarter","الربع الرابع","Number","22488","Sales","23248","المبايعات","4","Units","عدد","2020","7760","362882","وحده"
"Fourth Quarter","الربع الرابع","Value","22489","Sales","23249","المبايعات","4","Building","قيمة","2020","2708956943","362882","مبنى"
"Fourth Quarter","الربع الرابع","Number","22490","Sales","23249","المبايعات","4","Building","عدد","2020","1451","362882","مبنى"
"Fourth Quarter","الربع الرابع","Value","22491","Sales","23250","المبايعات","4","Land","قيمة","2020","9661584496","362882","أرض"
"Fourth Quarter","الربع الرابع","Number","22492","Sales","23250","المبايعات","4","Land","عدد","2020","1793","362882","أرض"
"Fourth Quarter","الربع الرابع","Value","22487","Mortgages","23248","الرهون","4","Units","قيمة","2020","1448585094","362883","وحده"
"Fourth Quarter","الربع الرابع","Number","22488","Mortgages","23248","الرهون","4","Units","عدد","2020","1505","362883","وحده"
"Fourth Quarter","الربع الرابع","Value","22489","Mortgages","23249","الرهون","4","Building","قيمة","2020","759147160","362883","مبنى"
"Fourth Quarter","الربع الرابع","Number","22490","Mortgages","23249","الرهون","4","Building","عدد","2020","569","362883","مبنى"
"Fourth Quarter","الربع الرابع","Value","22491","Mortgages","23250","الرهون","4","Land","قيمة","2020","16545931156","362883","أرض"
"Fourth Quarter","الربع الرابع","Number","22492","Mortgages","23250","الرهون","4","Land","عدد","2020","1729","362883","أرض"
"Fourth Quarter","الربع الرابع","Value","22487","Other","23248","أخرى","4","Units","قيمة","2020","731717857","362884","وحده"
"Fourth Quarter","الربع الرابع","Number","22488","Other","23248","أخرى","4","Units","عدد","2020","507","362884","وحده"
"Fourth Quarter","الربع الرابع","Value","22489","Other","23249","أخرى","4","Building","قيمة","2020","74549484","362884","مبنى"
"Fourth Quarter","الربع الرابع","Number","22490","Other","23249","أخرى","4","Building","عدد","2020","43","362884","مبنى"
"Fourth Quarter","الربع الرابع","Value","22491","Other","23250","أخرى","4","Land","قيمة","2020","1815274328","362884","أرض"
"Fourth Quarter","الربع الرابع","Number","22492","Other","23250","أخرى","4","Land","عدد","2020","225","362884","أرض"
"First Quarter","الربع الأول","Value","22487","Sales","23248","المبايعات","1","Units","قيمة","2021","10980208082","362882","وحده"
"First Quarter","الربع الأول","Number","22488","Sales","23248","المبايعات","1","Units","عدد","2021","8187","362882","وحده"
"First Quarter","الربع الأول","Value","22489","Sales","23249","المبايعات","1","Building","قيمة","2021","976640295","362882","مبنى"
"First Quarter","الربع الأول","Number","22490","Sales","23249","المبايعات","1","Building","عدد","2021","72","362882","مبنى"
"First Quarter","الربع الأول","Value","22491","Sales","23250","المبايعات","1","Land","قيمة","2021","6003629986","362882","أرض"
"First Quarter","الربع الأول","Number","22492","Sales","23250","المبايعات","1","Land","عدد","2021","1197","362882","أرض"
"First Quarter","الربع الأول","Value","26166","Sales","26165","المبايعات","1","Villa","قيمة","2021","7190532425","362882","فيلا"
"First Quarter","الربع الأول","Number","26167","Sales","26165","المبايعات","1","Villa","عدد","2021","2297","362882","فيلا"
"First Quarter","الربع الأول","Value","22487","Mortgages","23248","الرهون","1","Units","قيمة","2021","3275431354","362883","وحده"
"First Quarter","الربع الأول","Number","22488","Mortgages","23248","الرهون","1","Units","عدد","2021","2832","362883","وحده"
"First Quarter","الربع الأول","Value","22489","Mortgages","23249","الرهون","1","Building","قيمة","2021","12567881837","362883","مبنى"
"First Quarter","الربع الأول","Number","22490","Mortgages","23249","الرهون","1","Building","عدد","2021","133","362883","مبنى"
"First Quarter","الربع الأول","Value","22491","Mortgages","23250","الرهون","1","Land","قيمة","2021","18330377812","362883","أرض"
"First Quarter","الربع الأول","Number","22492","Mortgages","23250","الرهون","1","Land","عدد","2021","1106","362883","أرض"
"First Quarter","الربع الأول","Value","26166","Mortgages","26165","الرهون","1","Villa","قيمة","2021","5326044118","362883","فيلا"
"First Quarter","الربع الأول","Number","26167","Mortgages","26165","الرهون","1","Villa","عدد","2021","2019","362883","فيلا"
"First Quarter","الربع الأول","Value","22487","Other","23248","أخرى","1","Units","قيمة","2021","705141489","362884","وحده"
"First Quarter","الربع الأول","Number","22488","Other","23248","أخرى","1","Units","عدد","2021","475","362884","وحده"
"First Quarter","الربع الأول","Value","22489","Other","23249","أخرى","1","Building","قيمة","2021","2442739804","362884","مبنى"
"First Quarter","الربع الأول","Number","22490","Other","23249","أخرى","1","Building","عدد","2021","64","362884","مبنى"
"First Quarter","الربع الأول","Value","22491","Other","23250","أخرى","1","Land","قيمة","2021","730202589","362884","أرض"
"First Quarter","الربع الأول","Number","22492","Other","23250","أخرى","1","Land","عدد","2021","87","362884","أرض"
"First Quarter","الربع الأول","Value","26166","Other","26165","أخرى","1","Villa","قيمة","2021","942650550","362884","فيلا"
"First Quarter","الربع الأول","Number","26167","Other","26165","أخرى","1","Villa","عدد","2021","214","362884","فيلا"
"Second Quarter","الربع الثاني","Value","22487","Sales","23248","المبايعات","2","Units","قيمة","2021","15791954553","362882","وحده"
"Second Quarter","الربع الثاني","Number","22488","Sales","23248","المبايعات","2","Units","عدد","2021","10759","362882","وحده"
"Second Quarter","الربع الثاني","Value","22489","Sales","23249","المبايعات","2","Building","قيمة","2021","1107679776","362882","مبنى"
"Second Quarter","الربع الثاني","Number","22490","Sales","23249","المبايعات","2","Building","عدد","2021","66","362882","مبنى"
"Second Quarter","الربع الثاني","Value","22491","Sales","23250","المبايعات","2","Land","قيمة","2021","9262798949","362882","أرض"
"Second Quarter","الربع الثاني","Number","22492","Sales","23250","المبايعات","2","Land","عدد","2021","1567","362882","أرض"
"Second Quarter","الربع الثاني","Value","26166","Sales","26165","المبايعات","2","Villa","قيمة","2021","10601288624","362882","فيلا"
"Second Quarter","الربع الثاني","Number","26167","Sales","26165","المبايعات","2","Villa","عدد","2021","3188","362882","فيلا"
"Second Quarter","الربع الثاني","Value","22487","Mortgages","23248","الرهون","2","Units","قيمة","2021","2191929121","362883","وحده"
"Second Quarter","الربع الثاني","Number","22488","Mortgages","23248","الرهون","2","Units","عدد","2021","2018","362883","وحده"
"Second Quarter","الربع الثاني","Value","22489","Mortgages","23249","الرهون","2","Building","قيمة","2021","8331896931","362883","مبنى"
"Second Quarter","الربع الثاني","Number","22490","Mortgages","23249","الرهون","2","Building","عدد","2021","114","362883","مبنى"
"Second Quarter","الربع الثاني","Value","22491","Mortgages","23250","الرهون","2","Land","قيمة","2021","15858014865","362883","أرض"
"Second Quarter","الربع الثاني","Number","22492","Mortgages","23250","الرهون","2","Land","عدد","2021","907","362883","أرض"
"Second Quarter","الربع الثاني","Value","26166","Mortgages","26165","الرهون","2","Villa","قيمة","2021","4411371370","362883","فيلا"
"Second Quarter","الربع الثاني","Number","26167","Mortgages","26165","الرهون","2","Villa","عدد","2021","1704","362883","فيلا"
"Second Quarter","الربع الثاني","Value","22487","Other","23248","أخرى","2","Units","قيمة","2021","795379017","362884","وحده"
"Second Quarter","الربع الثاني","Number","22488","Other","23248","أخرى","2","Units","عدد","2021","594","362884","وحده"
"Second Quarter","الربع الثاني","Value","22489","Other","23249","أخرى","2","Building","قيمة","2021","4044166916","362884","مبنى"
"Second Quarter","الربع الثاني","Number","22490","Other","23249","أخرى","2","Building","عدد","2021","33","362884","مبنى"
"Second Quarter","الربع الثاني","Value","22491","Other","23250","أخرى","2","Land","قيمة","2021","1230177307","362884","أرض"
"Second Quarter","الربع الثاني","Number","22492","Other","23250","أخرى","2","Land","عدد","2021","82","362884","أرض"
"Second Quarter","الربع الثاني","Value","26166","Other","26165","أخرى","2","Villa","قيمة","2021","848541310","362884","فيلا"
"Second Quarter","الربع الثاني","Number","26167","Other","26165","أخرى","2","Villa","عدد","2021","186","362884","فيلا"
"Third Quarter","الربع الثالث","Value","22487","Sales","23248","المبايعات","3","Units","قيمة","2021","18665772927","362882","وحده"
"Third Quarter","الربع الثالث","Number","22488","Sales","23248","المبايعات","3","Units","عدد","2021","10785","362882","وحده"
"Third Quarter","الربع الثالث","Value","22489","Sales","23249","المبايعات","3","Building","قيمة","2021","1086225536","362882","مبنى"
"Third Quarter","الربع الثالث","Number","22490","Sales","23249","المبايعات","3","Building","عدد","2021","68","362882","مبنى"
"Third Quarter","الربع الثالث","Value","22491","Sales","23250","المبايعات","3","Land","قيمة","2021","11883838680","362882","أرض"
"Third Quarter","الربع الثالث","Number","22492","Sales","23250","المبايعات","3","Land","عدد","2021","1623","362882","أرض"
"Third Quarter","الربع الثالث","Value","26166","Sales","26165","المبايعات","3","Villa","قيمة","2021","10702556801","362882","فيلا"
"Third Quarter","الربع الثالث","Number","26167","Sales","26165","المبايعات","3","Villa","عدد","2021","3432","362882","فيلا"
"Third Quarter","الربع الثالث","Value","22487","Mortgages","23248","الرهون","3","Units","قيمة","2021","2134813717","362883","وحده"
"Third Quarter","الربع الثالث","Number","22488","Mortgages","23248","الرهون","3","Units","عدد","2021","1966","362883","وحده"
"Third Quarter","الربع الثالث","Value","22489","Mortgages","23249","الرهون","3","Building","قيمة","2021","12374052731","362883","مبنى"
"Third Quarter","الربع الثالث","Number","22490","Mortgages","23249","الرهون","3","Building","عدد","2021","136","362883","مبنى"
"Third Quarter","الربع الثالث","Value","22491","Mortgages","23250","الرهون","3","Land","قيمة","2021","9223303343","362883","أرض"
"Third Quarter","الربع الثالث","Number","22492","Mortgages","23250","الرهون","3","Land","عدد","2021","774","362883","أرض"
"Third Quarter","الربع الثالث","Value","26166","Mortgages","26165","الرهون","3","Villa","قيمة","2021","5095653263","362883","فيلا"
"Third Quarter","الربع الثالث","Number","26167","Mortgages","26165","الرهون","3","Villa","عدد","2021","1615","362883","فيلا"
"Third Quarter","الربع الثالث","Value","22487","Other","23248","أخرى","3","Units","قيمة","2021","1663702405","362884","وحده"
"Third Quarter","الربع الثالث","Number","22488","Other","23248","أخرى","3","Units","عدد","2021","574","362884","وحده"
"Third Quarter","الربع الثالث","Value","22489","Other","23249","أخرى","3","Building","قيمة","2021","864561682","362884","مبنى"
"Third Quarter","الربع الثالث","Number","22490","Other","23249","أخرى","3","Building","عدد","2021","25","362884","مبنى"
"Third Quarter","الربع الثالث","Value","22491","Other","23250","أخرى","3","Land","قيمة","2021","1444040231","362884","أرض"
"Third Quarter","الربع الثالث","Number","22492","Other","23250","أخرى","3","Land","عدد","2021","65","362884","أرض"
"Third Quarter","الربع الثالث","Value","26166","Other","26165","أخرى","3","Villa","قيمة","2021","1617818767","362884","فيلا"
"Third Quarter","الربع الثالث","Number","26167","Other","26165","أخرى","3","Villa","عدد","2021","164","362884","فيلا"
"Fourth Quarter","الربع الرابع","Value","22487","Sales","23248","المبايعات","4","Units","قيمة","2021","23209636548","362882","وحده"
"Fourth Quarter","الربع الرابع","Number","22488","Sales","23248","المبايعات","4","Units","عدد","2021","12331","362882","وحده"
"Fourth Quarter","الربع الرابع","Value","22489","Sales","23249","المبايعات","4","Building","قيمة","2021","760030384","362882","مبنى"
"Fourth Quarter","الربع الرابع","Number","22490","Sales","23249","المبايعات","4","Building","عدد","2021","64","362882","مبنى"
"Fourth Quarter","الربع الرابع","Value","22491","Sales","23250","المبايعات","4","Land","قيمة","2021","12411057333","362882","أرض"
"Fourth Quarter","الربع الرابع","Number","22492","Sales","23250","المبايعات","4","Land","عدد","2021","2044","362882","أرض"
"Fourth Quarter","الربع الرابع","Value","26166","Sales","26165","المبايعات","4","Villa","قيمة","2021","10340082093","362882","فيلا"
"Fourth Quarter","الربع الرابع","Number","26167","Sales","26165","المبايعات","4","Villa","عدد","2021","3489","362882","فيلا"
"Fourth Quarter","الربع الرابع","Value","22487","Mortgages","23248","الرهون","4","Units","قيمة","2021","3701016975","362883","وحده"
"Fourth Quarter","الربع الرابع","Number","22488","Mortgages","23248","الرهون","4","Units","عدد","2021","2154","362883","وحده"
"Fourth Quarter","الربع الرابع","Value","22489","Mortgages","23249","الرهون","4","Building","قيمة","2021","12365616353","362883","مبنى"
"Fourth Quarter","الربع الرابع","Number","22490","Mortgages","23249","الرهون","4","Building","عدد","2021","220","362883","مبنى"
"Fourth Quarter","الربع الرابع","Value","22491","Mortgages","23250","الرهون","4","Land","قيمة","2021","9428631047","362883","أرض"
"Fourth Quarter","الربع الرابع","Number","22492","Mortgages","23250","الرهون","4","Land","عدد","2021","843","362883","أرض"
"Fourth Quarter","الربع الرابع","Value","26166","Mortgages","26165","الرهون","4","Villa","قيمة","2021","3623060021","362883","فيلا"
"Fourth Quarter","الربع الرابع","Number","26167","Mortgages","26165","الرهون","4","Villa","عدد","2021","1540","362883","فيلا"
"Fourth Quarter","الربع الرابع","Value","22487","Other","23248","أخرى","4","Units","قيمة","2021","1078863195","362884","وحده"
"Fourth Quarter","الربع الرابع","Number","22488","Other","23248","أخرى","4","Units","عدد","2021","845","362884","وحده"
"Fourth Quarter","الربع الرابع","Value","22489","Other","23249","أخرى","4","Building","قيمة","2021","528939430","362884","مبنى"
"Fourth Quarter","الربع الرابع","Number","22490","Other","23249","أخرى","4","Building","عدد","2021","36","362884","مبنى"
"Fourth Quarter","الربع الرابع","Value","22491","Other","23250","أخرى","4","Land","قيمة","2021","1021600754","362884","أرض"
"Fourth Quarter","الربع الرابع","Number","22492","Other","23250","أخرى","4","Land","عدد","2021","57","362884","أرض"
"Fourth Quarter","الربع الرابع","Value","26166","Other","26165","أخرى","4","Villa","قيمة","2021","661371560","362884","فيلا"
"Fourth Quarter","الربع الرابع","Number","26167","Other","26165","أخرى","4","Villa","عدد","2021","170","362884","فيلا"
"First Quarter","الربع الأول","Value","22487","Sales","23248","المبايعات","1","Units","قيمة","2022","24912212884","362882","وحده"
"First Quarter","الربع الأول","Number","22488","Sales","23248","المبايعات","1","Units","عدد","2022","14063","362882","وحده"
"First Quarter","الربع الأول","Value","22489","Sales","23249","المبايعات","1","Building","قيمة","2022","2857698263","362882","مبنى"
"First Quarter","الربع الأول","Number","22490","Sales","23249","المبايعات","1","Building","عدد","2022","74","362882","مبنى"
"First Quarter","الربع الأول","Value","22491","Sales","23250","المبايعات","1","Land","قيمة","2022","17795202886","362882","أرض"
"First Quarter","الربع الأول","Number","22492","Sales","23250","المبايعات","1","Land","عدد","2022","3268","362882","أرض"
"First Quarter","الربع الأول","Value","26166","Sales","26165","المبايعات","1","Villa","قيمة","2022","9942782098","362882","فيلا"
"First Quarter","الربع الأول","Number","26167","Sales","26165","المبايعات","1","Villa","عدد","2022","3132","362882","فيلا"
"First Quarter","الربع الأول","Value","22487","Mortgages","23248","الرهون","1","Units","قيمة","2022","2476694347","362883","وحده"
"First Quarter","الربع الأول","Number","22488","Mortgages","23248","الرهون","1","Units","عدد","2022","2397","362883","وحده"
"First Quarter","الربع الأول","Value","22489","Mortgages","23249","الرهون","1","Building","قيمة","2022","7203619210","362883","مبنى"
"First Quarter","الربع الأول","Number","22490","Mortgages","23249","الرهون","1","Building","عدد","2022","139","362883","مبنى"
"First Quarter","الربع الأول","Value","22491","Mortgages","23250","الرهون","1","Land","قيمة","2022","12173317595","362883","أرض"
"First Quarter","الربع الأول","Number","22492","Mortgages","23250","الرهون","1","Land","عدد","2022","788","362883","أرض"
"First Quarter","الربع الأول","Value","26166","Mortgages","26165","الرهون","1","Villa","قيمة","2022","4061285810","362883","فيلا"
"First Quarter","الربع الأول","Number","26167","Mortgages","26165","الرهون","1","Villa","عدد","2022","1504","362883","فيلا"
"First Quarter","الربع الأول","Value","22487","Other","23248","أخرى","1","Units","قيمة","2022","941400355","362884","وحده"
"First Quarter","الربع الأول","Number","22488","Other","23248","أخرى","1","Units","عدد","2022","708","362884","وحده"
"First Quarter","الربع الأول","Value","22489","Other","23249","أخرى","1","Building","قيمة","2022","3956651467","362884","مبنى"
"First Quarter","الربع الأول","Number","22490","Other","23249","أخرى","1","Building","عدد","2022","62","362884","مبنى"
"First Quarter","الربع الأول","Value","22491","Other","23250","أخرى","1","Land","قيمة","2022","1049093943","362884","أرض"
"First Quarter","الربع الأول","Number","22492","Other","23250","أخرى","1","Land","عدد","2022","63","362884","أرض"
"First Quarter","الربع الأول","Value","26166","Other","26165","أخرى","1","Villa","قيمة","2022","704737565","362884","فيلا"
"First Quarter","الربع الأول","Number","26167","Other","26165","أخرى","1","Villa","عدد","2022","162","362884","فيلا"
"Second Quarter","الربع الثاني","Value","22487","Sales","23248","المبايعات","2","Units","قيمة","2022","30189793188","362882","وحده"
"Second Quarter","الربع الثاني","Number","22488","Sales","23248","المبايعات","2","Units","عدد","2022","15846","362882","وحده"
"Second Quarter","الربع الثاني","Value","22489","Sales","23249","المبايعات","2","Building","قيمة","2022","1605279721","362882","مبنى"
"Second Quarter","الربع الثاني","Number","22490","Sales","23249","المبايعات","2","Building","عدد","2022","92","362882","مبنى"
"Second Quarter","الربع الثاني","Value","22491","Sales","23250","المبايعات","2","Land","قيمة","2022","15734019178","362882","أرض"
"Second Quarter","الربع الثاني","Number","22492","Sales","23250","المبايعات","2","Land","عدد","2022","3126","362882","أرض"
"Second Quarter","الربع الثاني","Value","26166","Sales","26165","المبايعات","2","Villa","قيمة","2022","11627983699","362882","فيلا"
"Second Quarter","الربع الثاني","Number","26167","Sales","26165","المبايعات","2","Villa","عدد","2022","3436","362882","فيلا"
"Second Quarter","الربع الثاني","Value","22487","Mortgages","23248","الرهون","2","Units","قيمة","2022","2773624250","362883","وحده"
"Second Quarter","الربع الثاني","Number","22488","Mortgages","23248","الرهون","2","Units","عدد","2022","2227","362883","وحده"
"Second Quarter","الربع الثاني","Value","22489","Mortgages","23249","الرهون","2","Building","قيمة","2022","10252705256","362883","مبنى"
"Second Quarter","الربع الثاني","Number","22490","Mortgages","23249","الرهون","2","Building","عدد","2022","151","362883","مبنى"
"Second Quarter","الربع الثاني","Value","22491","Mortgages","23250","الرهون","2","Land","قيمة","2022","49439625095","362883","أرض"
"Second Quarter","الربع الثاني","Number","22492","Mortgages","23250","الرهون","2","Land","عدد","2022","760","362883","أرض"
"Second Quarter","الربع الثاني","Value","26166","Mortgages","26165","الرهون","2","Villa","قيمة","2022","5670919086","362883","فيلا"
"Second Quarter","الربع الثاني","Number","26167","Mortgages","26165","الرهون","2","Villa","عدد","2022","1724","362883","فيلا"
"Second Quarter","الربع الثاني","Value","22487","Other","23248","أخرى","2","Units","قيمة","2022","1163307570","362884","وحده"
"Second Quarter","الربع الثاني","Number","22488","Other","23248","أخرى","2","Units","عدد","2022","788","362884","وحده"
"Second Quarter","الربع الثاني","Value","22489","Other","23249","أخرى","2","Building","قيمة","2022","1801786506","362884","مبنى"
"Second Quarter","الربع الثاني","Number","22490","Other","23249","أخرى","2","Building","عدد","2022","57","362884","مبنى"
"Second Quarter","الربع الثاني","Value","22491","Other","23250","أخرى","2","Land","قيمة","2022","659547944","362884","أرض"
"Second Quarter","الربع الثاني","Number","22492","Other","23250","أخرى","2","Land","عدد","2022","59","362884","أرض"
"Second Quarter","الربع الثاني","Value","26166","Other","26165","أخرى","2","Villa","قيمة","2022","1030766054","362884","فيلا"
"Second Quarter","الربع الثاني","Number","26167","Other","26165","أخرى","2","Villa","عدد","2022","166","362884","فيلا"
"Third Quarter","الربع الثالث","Value","22487","Sales","23248","المبايعات","3","Units","قيمة","2022","34675460814","362882","وحده"
"Third Quarter","الربع الثالث","Number","22488","Sales","23248","المبايعات","3","Units","عدد","2022","18751","362882","وحده"
"Third Quarter","الربع الثالث","Value","22489","Sales","23249","المبايعات","3","Building","قيمة","2022","1116950488","362882","مبنى"
"Third Quarter","الربع الثالث","Number","22490","Sales","23249","المبايعات","3","Building","عدد","2022","73","362882","مبنى"
"Third Quarter","الربع الثالث","Value","22491","Sales","23250","المبايعات","3","Land","قيمة","2022","22927898737","362882","أرض"
"Third Quarter","الربع الثالث","Number","22492","Sales","23250","المبايعات","3","Land","عدد","2022","3239","362882","أرض"
"Third Quarter","الربع الثالث","Value","26166","Sales","26165","المبايعات","3","Villa","قيمة","2022","11011975835","362882","فيلا"
"Third Quarter","الربع الثالث","Number","26167","Sales","26165","المبايعات","3","Villa","عدد","2022","3389","362882","فيلا"
"Third Quarter","الربع الثالث","Value","22487","Mortgages","23248","الرهون","3","Units","قيمة","2022","4902655058","362883","وحده"
"Third Quarter","الربع الثالث","Number","22488","Mortgages","23248","الرهون","3","Units","عدد","2022","2567","362883","وحده"
"Third Quarter","الربع الثالث","Value","22489","Mortgages","23249","الرهون","3","Building","قيمة","2022","7130031902","362883","مبنى"
"Third Quarter","الربع الثالث","Number","22490","Mortgages","23249","الرهون","3","Building","عدد","2022","123","362883","مبنى"
"Third Quarter","الربع الثالث","Value","22491","Mortgages","23250","الرهون","3","Land","قيمة","2022","42934944061","362883","أرض"
"Third Quarter","الربع الثالث","Number","22492","Mortgages","23250","الرهون","3","Land","عدد","2022","1019","362883","أرض"
"Third Quarter","الربع الثالث","Value","26166","Mortgages","26165","الرهون","3","Villa","قيمة","2022","4461380189","362883","فيلا"
"Third Quarter","الربع الثالث","Number","26167","Mortgages","26165","الرهون","3","Villa","عدد","2022","1620","362883","فيلا"
"Third Quarter","الربع الثالث","Value","22487","Other","23248","أخرى","3","Units","قيمة","2022","1359579732","362884","وحده"
"Third Quarter","الربع الثالث","Number","22488","Other","23248","أخرى","3","Units","عدد","2022","936","362884","وحده"
"Third Quarter","الربع الثالث","Value","22489","Other","23249","أخرى","3","Building","قيمة","2022","3339154905","362884","مبنى"
"Third Quarter","الربع الثالث","Number","22490","Other","23249","أخرى","3","Building","عدد","2022","80","362884","مبنى"
"Third Quarter","الربع الثالث","Value","22491","Other","23250","أخرى","3","Land","قيمة","2022","826347076","362884","أرض"
"Third Quarter","الربع الثالث","Number","22492","Other","23250","أخرى","3","Land","عدد","2022","93","362884","أرض"
"Third Quarter","الربع الثالث","Value","26166","Other","26165","أخرى","3","Villa","قيمة","2022","1533079697","362884","فيلا"
"Third Quarter","الربع الثالث","Number","26167","Other","26165","أخرى","3","Villa","عدد","2022","197","362884","فيلا"
"Fourth Quarter","الربع الرابع","Value","22487","Sales","23248","المبايعات","4","Units","قيمة","2022","46390596773","362882","وحده"
"Fourth Quarter","الربع الرابع","Number","22488","Sales","23248","المبايعات","4","Units","عدد","2022","22437","362882","وحده"
"Fourth Quarter","الربع الرابع","Value","22489","Sales","23249","المبايعات","4","Building","قيمة","2022","2263549077","362882","مبنى"
"Fourth Quarter","الربع الرابع","Number","22490","Sales","23249","المبايعات","4","Building","عدد","2022","136","362882","مبنى"
"Fourth Quarter","الربع الرابع","Value","22491","Sales","23250","المبايعات","4","Land","قيمة","2022","20251818746","362882","أرض"
"Fourth Quarter","الربع الرابع","Number","22492","Sales","23250","المبايعات","4","Land","عدد","2022","2898","362882","أرض"
"Fourth Quarter","الربع الرابع","Value","26166","Sales","26165","المبايعات","4","Villa","قيمة","2022","13423061186","362882","فيلا"
"Fourth Quarter","الربع الرابع","Number","26167","Sales","26165","المبايعات","4","Villa","عدد","2022","3745","362882","فيلا"
"Fourth Quarter","الربع الرابع","Value","22487","Mortgages","23248","الرهون","4","Units","قيمة","2022","10706237223","362883","وحده"
"Fourth Quarter","الربع الرابع","Number","22488","Mortgages","23248","الرهون","4","Units","عدد","2022","2641","362883","وحده"
"Fourth Quarter","الربع الرابع","Value","22489","Mortgages","23249","الرهون","4","Building","قيمة","2022","7996049588","362883","مبنى"
"Fourth Quarter","الربع الرابع","Number","22490","Mortgages","23249","الرهون","4","Building","عدد","2022","129","362883","مبنى"
"Fourth Quarter","الربع الرابع","Value","22491","Mortgages","23250","الرهون","4","Land","قيمة","2022","97156068684","362883","أرض"
"Fourth Quarter","الربع الرابع","Number","22492","Mortgages","23250","الرهون","4","Land","عدد","2022","1193","362883","أرض"
"Fourth Quarter","الربع الرابع","Value","26166","Mortgages","26165","الرهون","4","Villa","قيمة","2022","4285964907","362883","فيلا"
"Fourth Quarter","الربع الرابع","Number","26167","Mortgages","26165","الرهون","4","Villa","عدد","2022","1497","362883","فيلا"
"Fourth Quarter","الربع الرابع","Value","22487","Other","23248","أخرى","4","Units","قيمة","2022","1553944746","362884","وحده"
"Fourth Quarter","الربع الرابع","Number","22488","Other","23248","أخرى","4","Units","عدد","2022","974","362884","وحده"
"Fourth Quarter","الربع الرابع","Value","22489","Other","23249","أخرى","4","Building","قيمة","2022","5791736960","362884","مبنى"
"Fourth Quarter","الربع الرابع","Number","22490","Other","23249","أخرى","4","Building","عدد","2022","84","362884","مبنى"
"Fourth Quarter","الربع الرابع","Value","22491","Other","23250","أخرى","4","Land","قيمة","2022","3162823587","362884","أرض"
"Fourth Quarter","الربع الرابع","Number","22492","Other","23250","أخرى","4","Land","عدد","2022","120","362884","أرض"
"Fourth Quarter","الربع الرابع","Value","26166","Other","26165","أخرى","4","Villa","قيمة","2022","982722476","362884","فيلا"
"Fourth Quarter","الربع الرابع","Number","26167","Other","26165","أخرى","4","Villa","عدد","2022","163","362884","فيلا"
"First Quarter","الربع الأول","Value","22487","Sales","23248","المبايعات","1","Units","قيمة","2023","46800636671","362882","وحده"
"First Quarter","الربع الأول","Number","22488","Sales","23248","المبايعات","1","Units","عدد","2023","23852","362882","وحده"
"First Quarter","الربع الأول","Value","22489","Sales","23249","المبايعات","1","Building","قيمة","2023","3000746443","362882","مبنى"
"First Quarter","الربع الأول","Number","22490","Sales","23249","المبايعات","1","Building","عدد","2023","132","362882","مبنى"
"First Quarter","الربع الأول","Value","22491","Sales","23250","المبايعات","1","Land","قيمة","2023","23973819456","362882","أرض"
"First Quarter","الربع الأول","Number","22492","Sales","23250","المبايعات","1","Land","عدد","2023","2978","362882","أرض"
"First Quarter","الربع الأول","Value","26166","Sales","26165","المبايعات","1","Villa","قيمة","2023","15281416266","362882","فيلا"
"First Quarter","الربع الأول","Number","26167","Sales","26165","المبايعات","1","Villa","عدد","2023","3990","362882","فيلا"
"First Quarter","الربع الأول","Value","22487","Mortgages","23248","الرهون","1","Units","قيمة","2023","4922538900","362883","وحده"
"First Quarter","الربع الأول","Number","22488","Mortgages","23248","الرهون","1","Units","عدد","2023","2619","362883","وحده"
"First Quarter","الربع الأول","Value","22489","Mortgages","23249","الرهون","1","Building","قيمة","2023","8181660556","362883","مبنى"
"First Quarter","الربع الأول","Number","22490","Mortgages","23249","الرهون","1","Building","عدد","2023","135","362883","مبنى"
"First Quarter","الربع الأول","Value","22491","Mortgages","23250","الرهون","1","Land","قيمة","2023","41710409193","362883","أرض"
"First Quarter","الربع الأول","Number","22492","Mortgages","23250","الرهون","1","Land","عدد","2023","1021","362883","أرض"
"First Quarter","الربع الأول","Value","26166","Mortgages","26165","الرهون","1","Villa","قيمة","2023","4337326244","362883","فيلا"
"First Quarter","الربع الأول","Number","26167","Mortgages","26165","الرهون","1","Villa","عدد","2023","1485","362883","فيلا"
"First Quarter","الربع الأول","Value","22487","Other","23248","أخرى","1","Units","قيمة","2023","2336779434","362884","وحده"
"First Quarter","الربع الأول","Number","22488","Other","23248","أخرى","1","Units","عدد","2023","2090","362884","وحده"
"First Quarter","الربع الأول","Value","22489","Other","23249","أخرى","1","Building","قيمة","2023","2752446118","362884","مبنى"
"First Quarter","الربع الأول","Number","22490","Other","23249","أخرى","1","Building","عدد","2023","66","362884","مبنى"
"First Quarter","الربع الأول","Value","22491","Other","23250","أخرى","1","Land","قيمة","2023","1884351993","362884","أرض"
"First Quarter","الربع الأول","Number","22492","Other","23250","أخرى","1","Land","عدد","2023","150","362884","أرض"
"First Quarter","الربع الأول","Value","26166","Other","26165","أخرى","1","Villa","قيمة","2023","1797242285","362884","فيلا"
"First Quarter","الربع الأول","Number","26167","Other","26165","أخرى","1","Villa","عدد","2023","203","362884","فيلا"
"Second Quarter","الربع الثاني","Value","22487","Sales","23248","المبايعات","2","Units","قيمة","2023","49012972300","362882","وحده"
"Second Quarter","الربع الثاني","Number","22488","Sales","23248","المبايعات","2","Units","عدد","2023","24055","362882","وحده"
"Second Quarter","الربع الثاني","Value","22489","Sales","23249","المبايعات","2","Building","قيمة","2023","1973644340","362882","مبنى"
"Second Quarter","الربع الثاني","Number","22490","Sales","23249","المبايعات","2","Building","عدد","2023","96","362882","مبنى"
"Second Quarter","الربع الثاني","Value","22491","Sales","23250","المبايعات","2","Land","قيمة","2023","24981788449","362882","أرض"
"Second Quarter","الربع الثاني","Number","22492","Sales","23250","المبايعات","2","Land","عدد","2023","2409","362882","أرض"
"Second Quarter","الربع الثاني","Value","26166","Sales","26165","المبايعات","2","Villa","قيمة","2023","14781450434","362882","فيلا"
"Second Quarter","الربع الثاني","Number","26167","Sales","26165","المبايعات","2","Villa","عدد","2023","3532","362882","فيلا"
"Second Quarter","الربع الثاني","Value","22487","Mortgages","23248","الرهون","2","Units","قيمة","2023","4226210505","362883","وحده"
"Second Quarter","الربع الثاني","Number","22488","Mortgages","23248","الرهون","2","Units","عدد","2023","3152","362883","وحده"
"Second Quarter","الربع الثاني","Value","22489","Mortgages","23249","الرهون","2","Building","قيمة","2023","9646917184","362883","مبنى"
"Second Quarter","الربع الثاني","Number","22490","Mortgages","23249","الرهون","2","Building","عدد","2023","102","362883","مبنى"
"Second Quarter","الربع الثاني","Value","22491","Mortgages","23250","الرهون","2","Land","قيمة","2023","10893702052","362883","أرض"
"Second Quarter","الربع الثاني","Number","22492","Mortgages","23250","الرهون","2","Land","عدد","2023","1014","362883","أرض"
"Second Quarter","الربع الثاني","Value","26166","Mortgages","26165","الرهون","2","Villa","قيمة","2023","5634936334","362883","فيلا"
"Second Quarter","الربع الثاني","Number","26167","Mortgages","26165","الرهون","2","Villa","عدد","2023","1799","362883","فيلا"
"Second Quarter","الربع الثاني","Value","22487","Other","23248","أخرى","2","Units","قيمة","2023","1523185976","362884","وحده"
"Second Quarter","الربع الثاني","Number","22488","Other","23248","أخرى","2","Units","عدد","2023","963","362884","وحده"
"Second Quarter","الربع الثاني","Value","22489","Other","23249","أخرى","2","Building","قيمة","2023","1218244750","362884","مبنى"
"Second Quarter","الربع الثاني","Number","22490","Other","23249","أخرى","2","Building","عدد","2023","29","362884","مبنى"
"Second Quarter","الربع الثاني","Value","22491","Other","23250","أخرى","2","Land","قيمة","2023","1292863621","362884","أرض"
"Second Quarter","الربع الثاني","Number","22492","Other","23250","أخرى","2","Land","عدد","2023","79","362884","أرض"
"Second Quarter","الربع الثاني","Value","26166","Other","26165","أخرى","2","Villa","قيمة","2023","898294861","362884","فيلا"
"Second Quarter","الربع الثاني","Number","26167","Other","26165","أخرى","2","Villa","عدد","2023","175","362884","فيلا"
"Third Quarter","الربع الثالث","Value","22487","Sales","23248","المبايعات","3","Units","قيمة","2023","44912600916","362882","وحده"
"Third Quarter","الربع الثالث","Number","22488","Sales","23248","المبايعات","3","Units","عدد","2023","23022","362882","وحده"
"Third Quarter","الربع الثالث","Value","22489","Sales","23249","المبايعات","3","Building","قيمة","2023","2537913398","362882","مبنى"
"Third Quarter","الربع الثالث","Number","22490","Sales","23249","المبايعات","3","Building","عدد","2023","108","362882","مبنى"
"Third Quarter","الربع الثالث","Value","22491","Sales","23250","المبايعات","3","Land","قيمة","2023","32378193573","362882","أرض"
"Third Quarter","الربع الثالث","Number","22492","Sales","23250","المبايعات","3","Land","عدد","2023","3896","362882","أرض"
"Third Quarter","الربع الثالث","Value","26166","Sales","26165","المبايعات","3","Villa","قيمة","2023","17694698544","362882","فيلا"
"Third Quarter","الربع الثالث","Number","26167","Sales","26165","المبايعات","3","Villa","عدد","2023","4159","362882","فيلا"
"Third Quarter","الربع الثالث","Value","22487","Mortgages","23248","الرهون","3","Units","قيمة","2023","4840708946","362883","وحده"
"Third Quarter","الربع الثالث","Number","22488","Mortgages","23248","الرهون","3","Units","عدد","2023","3667","362883","وحده"
"Third Quarter","الربع الثالث","Value","22489","Mortgages","23249","الرهون","3","Building","قيمة","2023","7162955977","362883","مبنى"
"Third Quarter","الربع الثالث","Number","22490","Mortgages","23249","الرهون","3","Building","عدد","2023","111","362883","مبنى"
"Third Quarter","الربع الثالث","Value","22491","Mortgages","23250","الرهون","3","Land","قيمة","2023","23681579048","362883","أرض"
"Third Quarter","الربع الثالث","Number","22492","Mortgages","23250","الرهون","3","Land","عدد","2023","1102","362883","أرض"
"Third Quarter","الربع الثالث","Value","26166","Mortgages","26165","الرهون","3","Villa","قيمة","2023","6262490649","362883","فيلا"
"Third Quarter","الربع الثالث","Number","26167","Mortgages","26165","الرهون","3","Villa","عدد","2023","2150","362883","فيلا"
"Third Quarter","الربع الثالث","Value","22487","Other","23248","أخرى","3","Units","قيمة","2023","1593873100","362884","وحده"
"Third Quarter","الربع الثالث","Number","22488","Other","23248","أخرى","3","Units","عدد","2023","1030","362884","وحده"
"Third Quarter","الربع الثالث","Value","22489","Other","23249","أخرى","3","Building","قيمة","2023","945056868","362884","مبنى"
"Third Quarter","الربع الثالث","Number","22490","Other","23249","أخرى","3","Building","عدد","2023","53","362884","مبنى"
"Third Quarter","الربع الثالث","Value","22491","Other","23250","أخرى","3","Land","قيمة","2023","3881158918","362884","أرض"
"Third Quarter","الربع الثالث","Number","22492","Other","23250","أخرى","3","Land","عدد","2023","413","362884","أرض"
"Third Quarter","الربع الثالث","Value","26166","Other","26165","أخرى","3","Villa","قيمة","2023","1241936924","362884","فيلا"
"Third Quarter","الربع الثالث","Number","26167","Other","26165","أخرى","3","Villa","عدد","2023","195","362884","فيلا"
"Fourth Quarter","الربع الرابع","Value","22487","Sales","23248","المبايعات","4","Units","قيمة","2023","52999104429","362882","وحده"
"Fourth Quarter","الربع الرابع","Number","22488","Sales","23248","المبايعات","4","Units","عدد","2023","27040","362882","وحده"
"Fourth Quarter","الربع الرابع","Value","22489","Sales","23249","المبايعات","4","Building","قيمة","2023","5859559211","362882","مبنى"
"Fourth Quarter","الربع الرابع","Number","22490","Sales","23249","المبايعات","4","Building","عدد","2023","117","362882","مبنى"
"Fourth Quarter","الربع الرابع","Value","22491","Sales","23250","المبايعات","4","Land","قيمة","2023","46754187225","362882","أرض"
"Fourth Quarter","الربع الرابع","Number","22492","Sales","23250","المبايعات","4","Land","عدد","2023","4107","362882","أرض"
"Fourth Quarter","الربع الرابع","Value","26166","Sales","26165","المبايعات","4","Villa","قيمة","2023","17006652264","362882","فيلا"
"Fourth Quarter","الربع الرابع","Number","26167","Sales","26165","المبايعات","4","Villa","عدد","2023","4119","362882","فيلا"
"Fourth Quarter","الربع الرابع","Value","22487","Mortgages","23248","الرهون","4","Units","قيمة","2023","5385663300","362883","وحده"
"Fourth Quarter","الربع الرابع","Number","22488","Mortgages","23248","الرهون","4","Units","عدد","2023","4105","362883","وحده"
"Fourth Quarter","الربع الرابع","Value","22489","Mortgages","23249","الرهون","4","Building","قيمة","2023","8251160907","362883","مبنى"
"Fourth Quarter","الربع الرابع","Number","22490","Mortgages","23249","الرهون","4","Building","عدد","2023","108","362883","مبنى"
"Fourth Quarter","الربع الرابع","Value","22491","Mortgages","23250","الرهون","4","Land","قيمة","2023","38754552954","362883","أرض"
"Fourth Quarter","الربع الرابع","Number","22492","Mortgages","23250","الرهون","4","Land","عدد","2023","1076","362883","أرض"
"Fourth Quarter","الربع الرابع","Value","26166","Mortgages","26165","الرهون","4","Villa","قيمة","2023","6562117806","362883","فيلا"
"Fourth Quarter","الربع الرابع","Number","26167","Mortgages","26165","الرهون","4","Villa","عدد","2023","2245","362883","فيلا"
"Fourth Quarter","الربع الرابع","Value","22487","Other","23248","أخرى","4","Units","قيمة","2023","3845214472","362884","وحده"
"Fourth Quarter","الربع الرابع","Number","22488","Other","23248","أخرى","4","Units","عدد","2023","1472","362884","وحده"
"Fourth Quarter","الربع الرابع","Value","22489","Other","23249","أخرى","4","Building","قيمة","2023","1973144899","362884","مبنى"
"Fourth Quarter","الربع الرابع","Number","22490","Other","23249","أخرى","4","Building","عدد","2023","54","362884","مبنى"
"Fourth Quarter","الربع الرابع","Value","22491","Other","23250","أخرى","4","Land","قيمة","2023","3378274611","362884","أرض"
"Fourth Quarter","الربع الرابع","Number","22492","Other","23250","أخرى","4","Land","عدد","2023","166","362884","أرض"
"Fourth Quarter","الربع الرابع","Value","26166","Other","26165","أخرى","4","Villa","قيمة","2023","1804673270","362884","فيلا"
"Fourth Quarter","الربع الرابع","Number","26167","Other","26165","أخرى","4","Villa","عدد","2023","337","362884","فيلا"
"First Quarter","الربع الأول","Value","22487","Sales","23248","المبايعات","1","Units","قيمة","2025","65790041295","362882","وحده"
"First Quarter","الربع الأول","Number","22488","Sales","23248","المبايعات","1","Units","عدد","2025","34165","362882","وحده"
"First Quarter","الربع الأول","Value","22489","Sales","23249","المبايعات","1","Building","قيمة","2025","4902861709","362882","مبنى"
"First Quarter","الربع الأول","Number","22490","Sales","23249","المبايعات","1","Building","عدد","2025","147","362882","مبنى"
"First Quarter","الربع الأول","Value","22491","Sales","23250","المبايعات","1","Land","قيمة","2025","47459499137","362882","أرض"
"First Quarter","الربع الأول","Number","22492","Sales","23250","المبايعات","1","Land","عدد","2025","8208","362882","أرض"
"First Quarter","الربع الأول","Value","26166","Sales","26165","المبايعات","1","Villa","قيمة","2025","24568412092","362882","فيلا"
"First Quarter","الربع الأول","Number","26167","Sales","26165","المبايعات","1","Villa","عدد","2025","5189","362882","فيلا"
"First Quarter","الربع الأول","Value","22487","Mortgages","23248","الرهون","1","Units","قيمة","2025","9340964865","362883","وحده"
"First Quarter","الربع الأول","Number","22488","Mortgages","23248","الرهون","1","Units","عدد","2025","5381","362883","وحده"
"First Quarter","الربع الأول","Value","22489","Mortgages","23249","الرهون","1","Building","قيمة","2025","5646278591","362883","مبنى"
"First Quarter","الربع الأول","Number","22490","Mortgages","23249","الرهون","1","Building","عدد","2025","140","362883","مبنى"
"First Quarter","الربع الأول","Value","22491","Mortgages","23250","الرهون","1","Land","قيمة","2025","17357945800","362883","أرض"
"First Quarter","الربع الأول","Number","22492","Mortgages","23250","الرهون","1","Land","عدد","2025","1681","362883","أرض"
"First Quarter","الربع الأول","Value","26166","Mortgages","26165","الرهون","1","Villa","قيمة","2025","8678489569","362883","فيلا"
"First Quarter","الربع الأول","Number","26167","Mortgages","26165","الرهون","1","Villa","عدد","2025","2086","362883","فيلا"
"First Quarter","الربع الأول","Value","22487","Other","23248","أخرى","1","Units","قيمة","2025","2927232520","362884","وحده"
"First Quarter","الربع الأول","Number","22488","Other","23248","أخرى","1","Units","عدد","2025","1515","362884","وحده"
"First Quarter","الربع الأول","Value","22489","Other","23249","أخرى","1","Building","قيمة","2025","1126988063","362884","مبنى"
"First Quarter","الربع الأول","Number","22490","Other","23249","أخرى","1","Building","عدد","2025","47","362884","مبنى"
"First Quarter","الربع الأول","Value","22491","Other","23250","أخرى","1","Land","قيمة","2025","3494202941","362884","أرض"
"First Quarter","الربع الأول","Number","22492","Other","23250","أخرى","1","Land","عدد","2025","171","362884","أرض"
"First Quarter","الربع الأول","Value","26166","Other","26165","أخرى","1","Villa","قيمة","2025","2070239377","362884","فيلا"
"First Quarter","الربع الأول","Number","26167","Other","26165","أخرى","1","Villa","عدد","2025","300","362884","فيلا"
"Second Quarter","الربع الثاني","Value","22487","Sales","23248","المبايعات","2","Units","قيمة","2025","85441451273","362882","وحده"
"Second Quarter","الربع الثاني","Number","22488","Sales","23248","المبايعات","2","Units","عدد","2025","41863","362882","وحده"
"Second Quarter","الربع الثاني","Value","22489","Sales","23249","المبايعات","2","Building","قيمة","2025","5762256045","362882","مبنى"
"Second Quarter","الربع الثاني","Number","22490","Sales","23249","المبايعات","2","Building","عدد","2025","136","362882","مبنى"
"Second Quarter","الربع الثاني","Value","22491","Sales","23250","المبايعات","2","Land","قيمة","2025","72257051524","362882","أرض"
"Second Quarter","الربع الثاني","Number","22492","Sales","23250","المبايعات","2","Land","عدد","2025","7535","362882","أرض"
"Second Quarter","الربع الثاني","Value","26166","Sales","26165","المبايعات","2","Villa","قيمة","2025","20819242157","362882","فيلا"
"Second Quarter","الربع الثاني","Number","26167","Sales","26165","المبايعات","2","Villa","عدد","2025","3710","362882","فيلا"
"Second Quarter","الربع الثاني","Value","22487","Mortgages","23248","الرهون","2","Units","قيمة","2025","9218684100","362883","وحده"
"Second Quarter","الربع الثاني","Number","22488","Mortgages","23248","الرهون","2","Units","عدد","2025","6618","362883","وحده"
"Second Quarter","الربع الثاني","Value","22489","Mortgages","23249","الرهون","2","Building","قيمة","2025","7225022504","362883","مبنى"
"Second Quarter","الربع الثاني","Number","22490","Mortgages","23249","الرهون","2","Building","عدد","2025","127","362883","مبنى"
"Second Quarter","الربع الثاني","Value","22491","Mortgages","23250","الرهون","2","Land","قيمة","2025","16937115373","362883","أرض"
"Second Quarter","الربع الثاني","Number","22492","Mortgages","23250","الرهون","2","Land","عدد","2025","1830","362883","أرض"
"Second Quarter","الربع الثاني","Value","26166","Mortgages","26165","الرهون","2","Villa","قيمة","2025","8879655981","362883","فيلا"
"Second Quarter","الربع الثاني","Number","26167","Mortgages","26165","الرهون","2","Villa","عدد","2025","2433","362883","فيلا"
"Second Quarter","الربع الثاني","Value","22487","Other","23248","أخرى","2","Units","قيمة","2025","4296338346","362884","وحده"
"Second Quarter","الربع الثاني","Number","22488","Other","23248","أخرى","2","Units","عدد","2025","2013","362884","وحده"
"Second Quarter","الربع الثاني","Value","22489","Other","23249","أخرى","2","Building","قيمة","2025","1164579151","362884","مبنى"
"Second Quarter","الربع الثاني","Number","22490","Other","23249","أخرى","2","Building","عدد","2025","41","362884","مبنى"
"Second Quarter","الربع الثاني","Value","22491","Other","23250","أخرى","2","Land","قيمة","2025","3708107625","362884","أرض"
"Second Quarter","الربع الثاني","Number","22492","Other","23250","أخرى","2","Land","عدد","2025","182","362884","أرض"
"Second Quarter","الربع الثاني","Value","26166","Other","26165","أخرى","2","Villa","قيمة","2025","2587701482","362884","فيلا"
"Second Quarter","الربع الثاني","Number","26167","Other","26165","أخرى","2","Villa","عدد","2025","347","362884","فيلا"